Brand,Model,my angel,motorcycle,Public bus,transfer,Temporary license,Private bus,brick,Malaki customs,Tourist fare,Diplomatic body,Tourism bus,Trips,Motorbike fare,Heavy stomach,School bus,Customs bus,Turn off,Grand Total,Country,Shape,Fuel_Type
BYD,song plus,1476.0,,,,4.0,,,6.0,,,,,,,,,,1486,China,SUV,Plug-in Hybrid
BYD,SONG L,953.0,,,,4.0,,,5.0,4.0,,,,,,,,,966,China,SUV,Electric
BYD,Seagull,384.0,,,,,,1.0,,,,,,,,,,,385,China,Hatchback,Electric
BYD,TANG L,155.0,,,,2.0,,,,,,,,,,,,,157,China,SUV,Electric
BYD,yuan plus,141.0,,,,,,,,,,,,,,,,,141,China,SUV,Electric
BYD,TANG,96.0,,,,1.0,,,,,1.0,,,,,,,,98,China,SUV,Plug-in Hybrid
BYD,Yuan up,96.0,,,,,,,,,,,,,,,,,96,China,SUV,Electric
BYD,SONG L EV,77.0,,,,,,,,,,,,,,,,,77,China,SUV,Electric
BYD,QIN PLUS,73.0,,,,2.0,,,,,,,,,,,,,75,China,Sedan,Electric
BYD,k9f,,,75.0,,,,,,,,,,,,,,,75,China,Bus,Electric
BYD,leopard 5,72.0,,,,,,,1.0,,,,,,,,,,73,China,SUV,Electric
BYD,PLUS,69.0,,,,4.0,,,,,,,,,,,,,73,China,SUV,Electric
BYD,Destroyer 05,70.0,,,,,,,,,,,,,,,,,70,China,Sedan,Electric
BYD,Leopard 3,51.0,,,,,,,,,,,,,,,,,51,China,SUV,Electric
BYD,SEA LION 06,47.0,,,,,,,,,,,,,,,,,47,China,SUV,Electric
BYD,Dolphin,46.0,,,,,,,,,,,,,,,,,46,China,Hatchback,Electric
BYD,SONG,42.0,,,,,,,2.0,,,,,,,,,,44,China,SUV,Electric
BYD,HAN,42.0,,,,2.0,,,,,,,,,,,,,44,China,Sedan,Electric
BYD,yuan,36.0,,,,2.0,,,,,,,,,,,,,38,China,SUV,Electric
BYD,E2,35.0,,,,,,,,,,,,,,,,,35,China,Hatchback,Electric
BYD,SONG PLUS EV,33.0,,,,2.0,,,,,,,,,,,,,35,China,SUV,Electric
BYD,EV PLUS,26.0,,,,3.0,,,,,,,,,,,,,29,China,SUV,Electric
BYD,ev,27.0,,,,1.0,,,1.0,,,,,,,,,,29,China,Sedan,Electric
BYD,seal,22.0,,,,1.0,,,,,,,,,,,,,23,China,Sedan,Electric
BYD,EV500,21.0,,,,,,,,,,,,,,,,,21,China,Sedan,Electric
BYD,YUAN BRO,16.0,,,,1.0,,,1.0,,,,,,,,,,18,China,SUV,Electric
BYD,EV Seagull,16.0,,,,,,,,,,,,,,,,,16,China,Hatchback,Electric
BYD,SEALION 07 EV,13.0,,,,,,,,,,,,,,,,,13,China,SUV,Electric
BYD,HAN-EV,12.0,,,,,,,,,,,,,,,,,12,China,Sedan,Electric
BYD,Sealion 05,11.0,,,,,,,,,,,,,,,,,11,China,SUV,Electric
BYD,EV600,10.0,,,,,,,,,,,,,,,,,10,China,Sedan,Electric
BYD,TANG EV,9.0,,,,,,,1.0,,,,,,,,,,10,China,SUV,Electric
BYD,sealion,7.0,,,,,,,,,,,,,,,,,7,China,SUV,Electric
BYD,HAN L,7.0,,,,,,,,,,,,,,,,,7,China,Sedan,Electric
BYD,Leopard,4.0,,,,1.0,,,1.0,,,,,,,,,,6,China,SUV,Electric
BYD,TANG L EV,5.0,,,,,,,,,,,,,,,,,5,China,SUV,Electric
BYD,pro,5.0,,,,,,,,,,,,,,,,,5,China,SUV,Electric
BYD,SONG PLUS CHAMPION,4.0,,,,,,,,,,,,,,,,,4,China,SUV,Electric
BYD,Sealion 07,4.0,,,,,,,,,,,,,,,,,4,China,SUV,Electric
BYD,Han Honor,4.0,,,,,,,,,,,,,,,,,4,China,Sedan,Electric
BYD,QIN L,3.0,,,,,,,,,,,,,,,,,3,China,Sedan,Electric
BYD,F3,1.0,,,,2.0,,,,,,,,,,,,,3,China,Sedan,Petrol
BYD,TANG 730EV,3.0,,,,,,,,,,,,,,,,,3,China,SUV,Electric
BYD,Titanium 3,2.0,,,,,,,,,,,,,,,,,2,China,Sedan,Electric
BYD,L3,1.0,,,,,,,1.0,,,,,,,,,,2,China,Sedan,Electric
BYD,shark 6,,,,2.0,,,,,,,,,,,,,,2,China,Pickup,Electric
BYD,SONG CHAMPION,2.0,,,,,,,,,,,,,,,,,2,China,SUV,Electric
BYD,Leopard,2.0,,,,,,,,,,,,,,,,,2,China,SUV,Electric
BYD,G3R,2.0,,,,,,,,,,,,,,,,,2,China,Sedan,Electric
BYD,Tang dm-i,1.0,,,,,,,,,,,,,,,,,1,China,SUV,Electric
BYD,diego,1.0,,,,,,,,,,,,,,,,,1,China,Sedan,Electric
BYD,G3,,,,,,,,1.0,,,,,,,,,,1,China,Sedan,Electric
BYD,SeaL 06 GT,1.0,,,,,,,,,,,,,,,,,1,China,Hatchback,Electric
BYD,e7,1.0,,,,,,,,,,,,,,,,,1,China,Sedan,Electric
BYD,SeaL EV,1.0,,,,,,,,,,,,,,,,,1,China,Sedan,Electric
BYD,Denza Z9GT,1.0,,,,,,,,,,,,,,,,,1,China,Sedan,Electric
BYD,M9,1.0,,,,,,,,,,,,,,,,,1,China,SUV,Electric
BYD,Denza D9,1.0,,,,,,,,,,,,,,,,,1,China,Minivan,Electric
BYD,Leopard Titan 3,1.0,,,,,,,,,,,,,,,,,1,China,SUV,Electric
BYD,7,1.0,,,,,,,,,,,,,,,,,1,China,Sedan,Electric
Volkswagen,ID.4,886.0,,,,22.0,,,8.0,6.0,,,,,,,,,922,Germany,SUV,Electric
Volkswagen,id4_crozz,644.0,,,,1.0,,,1.0,,,,,,,,,,646,Germany,SUV,Electric
Volkswagen,ID.6,366.0,,,,6.0,,,6.0,,,,,,,,,,378,Germany,SUV,Electric
Volkswagen,ID.6 CROZZ,282.0,,,,1.0,,,,18.0,,,,,,,,,301,Germany,SUV,Electric
Volkswagen,ID.4 CROZZ PRO,255.0,,,,11.0,,,,,,,,,,,,,266,Germany,SUV,Electric
Volkswagen,ID6,214.0,,,,17.0,,,1.0,5.0,,,,,,,,,237,Germany,SUV,Electric
Volkswagen,ID4.x,173.0,,,,,,,,,,,,,,,,,173,Germany,SUV,Electric
Volkswagen,ID.6 CROZZ PRO,157.0,,,,3.0,,,,1.0,,,,,,,,,161,Germany,SUV,Electric
Volkswagen,Golf,151.0,,,,,,,2.0,,,,,,,,,,153,Germany,Hatchback,Petrol
Volkswagen,ID4,130.0,,,,4.0,,,1.0,,,,,,,,,,135,Germany,SUV,Electric
Volkswagen,lavida,55.0,,,,,,,,,,,,,,,,,55,Germany,Sedan,Electric
Volkswagen,ID3,36.0,,,,,,,,,,,,,,,,,36,Germany,Hatchback,Electric
Volkswagen,Wagon,36.0,,,,,,,,,,,,,,,,,36,Germany,Wagon,Electric
Volkswagen,ID4 PRO,25.0,,,,,,,,,,,,,,,,,25,Germany,SUV,Electric
Volkswagen,ID.6X,13.0,,,,,,,,,,,,,,,,,13,Germany,SUV,Electric
Volkswagen,ID7,10.0,,,,2.0,,,,,,,,,,,,,12,Germany,Sedan,Electric
Volkswagen,ID.7,11.0,,,,1.0,,,,,,,,,,,,,12,Germany,Sedan,Electric
Volkswagen,ID7 VIZZION,11.0,,,,,,,,,,,,,,,,,11,Germany,Sedan,Electric
Volkswagen,CrossFox,10.0,,,,,,,,,,,,,,,,,10,Germany,Hatchback,Electric
Volkswagen,ID6,9.0,,,,,,,,,,,,,,,,,9,Germany,SUV,Electric
Volkswagen,ID-UNYX,8.0,,,,,,,,,,,,,,,,,8,Germany,SUV,Electric
Volkswagen,id4_cr,7.0,,,,,,,,,,,,,,,,,7,Germany,SUV,Electric
Volkswagen,ID3 PURE,5.0,,,,,,,,,,,,,,,,,5,Germany,Hatchback,Electric
Volkswagen,ID.UNYX,5.0,,,,,,,,,,,,,,,,,5,Germany,SUV,Electric
Volkswagen,ID6 PRO,4.0,,,,,,,,1.0,,,,,,,,,5,Germany,SUV,Electric
Volkswagen,ID.6 CR,5.0,,,,,,,,,,,,,,,,,5,Germany,SUV,Electric
Volkswagen,ID7 PRO,3.0,,,,,,,,,,,,,,,,,3,Germany,Sedan,Electric
Volkswagen,ID.4 CR,3.0,,,,,,,,,,,,,,,,,3,Germany,SUV,Electric
Volkswagen,teramont,,,,,,,,2.0,,,,,,,,,,2,Germany,SUV,Electric
Volkswagen,teramont,,,,,,,,2.0,,,,,,,,,,2,Germany,SUV,Diesel
Volkswagen,ID6X PRO,2.0,,,,,,,,,,,,,,,,,2,Germany,SUV,Electric
Volkswagen,Tiguan,2.0,,,,,,,,,,,,,,,,,2,Germany,SUV,Petrol
Volkswagen,ID4,2.0,,,,,,,,,,,,,,,,,2,Germany,SUV,Electric
Volkswagen,ID.UNYX PRO,1.0,,,,,,,,,,,,,,,,,1,Germany,SUV,Electric
Volkswagen,Scirocco,1.0,,,,,,,,,,,,,,,,,1,Germany,Coupe,Electric
Volkswagen,ID.4 GTX,1.0,,,,,,,,,,,,,,,,,1,Germany,SUV,Electric
Volkswagen,ID4 CROZZ PURE PLUS,1.0,,,,,,,,,,,,,,,,,1,Germany,SUV,Electric
Volkswagen,ID5 PRO,1.0,,,,,,,,,,,,,,,,,1,Germany,SUV,Electric
Volkswagen,EOS,1.0,,,,,,,,,,,,,,,,,1,Germany,Convertible,Electric
Volkswagen,ID,1.0,,,,,,,,,,,,,,,,,1,Germany,SUV,Electric
Volkswagen,Passat,1.0,,,,,,,,,,,,,,,,,1,Germany,Sedan,Petrol
Volkswagen,t cross,1.0,,,,,,,,,,,,,,,,,1,Germany,SUV,Electric
Volkswagen,t cross,1.0,,,,,,,,,,,,,,,,,1,Germany,SUV,Electric
Mercedes-Benz,EQA 260,549.0,,,,23.0,,,,2.0,,,,,,,,,574,Germany,SUV,Electric
Mercedes-Benz,EQE 350,341.0,,,,7.0,,,2.0,2.0,,,,,,,,,352,Germany,Sedan,Electric
Mercedes-Benz,EQE 500,211.0,,,,1.0,,,,,,,,,,,,,212,Germany,Sedan,Electric
Mercedes-Benz,eqs 450,181.0,,,,1.0,,,,3.0,,,,,,,,,185,Germany,Sedan,Electric
Mercedes-Benz,EQB 260,122.0,,,,8.0,,,,,,,,,,,,,130,Germany,SUV,Electric
Mercedes-Benz,EQE500,108.0,,,,14.0,,,,,,,,,,,,,122,Germany,Sedan,Electric
Mercedes-Benz,EQB350,115.0,,,,2.0,,,,,,,,,,,,,117,Germany,SUV,Electric
Mercedes-Benz,EQE350,90.0,,,,22.0,,,,,,,,,,,,,112,Germany,Sedan,Electric
Mercedes-Benz,EQS580,83.0,,,,,,,,,,,,,,,,,83,Germany,Sedan,Electric
Mercedes-Benz,EQS500,46.0,,,,,,,,,,,,,,,,,46,Germany,Sedan,Electric
Mercedes-Benz,EQE300,35.0,,,,,,,,3.0,,,,,,,,,38,Germany,Sedan,Electric
Mercedes-Benz,EQC400,33.0,,,,1.0,,,,,,,,,,,,,34,Germany,SUV,Electric
Mercedes-Benz,EQA 350,30.0,,,,,,,,,,,,,,,,,30,Germany,SUV,Electric
Mercedes-Benz,EQE43,28.0,,,,,,,,,,,,,,,,,28,Germany,Sedan,Electric
Mercedes-Benz,EQV300,24.0,,,,,,,,,,,,,,,,,24,Germany,Van,Electric
Mercedes-Benz,EQA250,22.0,,,,,,,,,,,,,,,,,22,Germany,SUV,Electric
Mercedes-Benz,MCVC120,,,4.0,,,,,,,,2.0,16.0,,,,,,22,Germany,Bus,Electric
Mercedes-Benz,EQB300,20.0,,,,1.0,,,,,,,,,,,,,21,Germany,SUV,Electric
Mercedes-Benz,EQS53,21.0,,,,,,,,,,,,,,,,,21,Germany,Sedan,Electric
Mercedes-Benz,+EQE350,12.0,,,,5.0,,,,,,,,,,,,,17,Germany,Sedan,Electric
Mercedes-Benz,EQB250,16.0,,,,,,,1.0,,,,,,,,,,17,Germany,SUV,Electric
Mercedes-Benz,EQS 350,16.0,,,,,,,,,,,,,,,,,16,Germany,Sedan,Electric
Mercedes-Benz,EQE350 4MATIC,11.0,,,,,,,1.0,,1.0,,,,,,,,13,Germany,Sedan,Electric
Mercedes-Benz,b250e,12.0,,,,,,,,,,,,,,,,,12,Germany,Hatchback,Electric
Mercedes-Benz,+EQS450,9.0,,,,,,,,3.0,,,,,,,,,12,Germany,Sedan,Electric
Mercedes-Benz,EQE,10.0,,,,,,,1.0,,,,,,,,,,11,Germany,Sedan,Electric
Mercedes-Benz,EQA,10.0,,,,1.0,,,,,,,,,,,,,11,Germany,SUV,Electric
Mercedes-Benz,EQG580,9.0,,,,,,,,,,,,,,,,,9,Germany,SUV,Electric
Mercedes-Benz,Benz,9.0,,,,,,,,,,,,,,,,,9,Germany,Sedan,Electric
Mercedes-Benz,G580,8.0,,,,,,,,,,,,,,,,,8,Germany,SUV,Electric
Mercedes-Benz,400,8.0,,,,,,,,,,,,,,,,,8,Germany,Sedan,Electric
Mercedes-Benz,350,6.0,,,,1.0,,,,,,,,,,,,,7,Germany,Sedan,Electric
Mercedes-Benz,190,,,,6.0,,1.0,,,,,,,,,,,,7,Germany,Sedan,Electric
Mercedes-Benz,EQB,7.0,,,,,,,,,,,,,,,,,7,Germany,SUV,Electric
Mercedes-Benz,EQS 680 SUV,6.0,,,,,,,,,,,,,,,,,6,Germany,SUV,Electric
Mercedes-Benz,C-180,6.0,,,,,,,,,,,,,,,,,6,Germany,Sedan,Electric
Mercedes-Benz,EQE53,6.0,,,,,,,,,,,,,,,,,6,Germany,Sedan,Electric
Mercedes-Benz,Maybach EQS 680,6.0,,,,,,,,,,,,,,,,,6,Germany,SUV,Electric
Mercedes-Benz,EQC350,5.0,,,,,,,,,,,,,,,,,5,Germany,SUV,Electric
Mercedes-Benz,300,5.0,,,,,,,,,,,,,,,,,5,Germany,Sedan,Electric
Mercedes-Benz,1844,,,,2.0,,,,,,,,,,2.0,,,,4,Germany,Truck,Electric
Mercedes-Benz,EQ260,4.0,,,,,,,,,,,,,,,,,4,Germany,SUV,Electric
Mercedes-Benz,E200,4.0,,,,,,,,,,,,,,,,,4,Germany,Sedan,Petrol
Mercedes-Benz,260,2.0,,,1.0,1.0,,,,,,,,,,,,,4,Germany,Sedan,Electric
Mercedes-Benz,GLC200,4.0,,,,,,,,,,,,,,,,,4,Germany,SUV,Petrol
Mercedes-Benz,EQS400,3.0,,,,,,,,,,,,,,,,,3,Germany,Sedan,Electric
Mercedes-Benz,200,3.0,,,,,,,,,,,,,,,,,3,Germany,Sedan,Electric
Mercedes-Benz,E400,3.0,,,,,,,,,,,,,,,,,3,Germany,Sedan,Electric
Mercedes-Benz,180 SLC,3.0,,,,,,,,,,,,,,,,,3,Germany,Coupe,Electric
Mercedes-Benz,A200,2.0,,,,,,,,,,,,,,,,,2,Germany,Hatchback,Petrol
Mercedes-Benz,AMG GTR,2.0,,,,,,,,,,,,,,,,,2,Germany,Coupe,Electric
Mercedes-Benz,EQC,2.0,,,,,,,,,,,,,,,,,2,Germany,SUV,Electric
Mercedes-Benz,S450,2.0,,,,,,,,,,,,,,,,,2,Germany,Sedan,Petrol
Mercedes-Benz,E 53,2.0,,,,,,,,,,,,,,,,,2,Germany,Sedan,Electric
Mercedes-Benz,0,2.0,,,,,,,,,,,,,,,,,2,Germany,Unknown,Electric
Mercedes-Benz,EQS 53,2.0,,,,,,,,,,,,,,,,,2,Germany,Sedan,Electric
Mercedes-Benz,EQV,2.0,,,,,,,,,,,,,,,,,2,Germany,Van,Electric
Mercedes-Benz,G580 EQ,2.0,,,,,,,,,,,,,,,,,2,Germany,SUV,Electric
Mercedes-Benz,A180,,,,2.0,,,,,,,,,,,,,,2,Germany,Hatchback,Petrol
Mercedes-Benz,E350,2.0,,,,,,,,,,,,,,,,,2,Germany,Sedan,Petrol
Mercedes-Benz,GLE63,,,,,,,,2.0,,,,,,,,,,2,Germany,SUV,Electric
Mercedes-Benz,glc300,2.0,,,,,,,,,,,,,,,,,2,Germany,SUV,Petrol
Mercedes-Benz,170,,,,2.0,,,,,,,,,,,,,,2,Germany,Sedan,Electric
Mercedes-Benz,V 250,1.0,,,,,,,,,,,,,,,,,1,Germany,Van,Electric
Mercedes-Benz,GLE400,1.0,,,,,,,,,,,,,,,,,1,Germany,SUV,Petrol
Mercedes-Benz,4145,,,,1.0,,,,,,,,,,,,,,1,Germany,Truck,Electric
Mercedes-Benz,4MATIC 408 HP,1.0,,,,,,,,,,,,,,,,,1,Germany,Sedan,Electric
Mercedes-Benz,280,1.0,,,,,,,,,,,,,,,,,1,Germany,Sedan,Electric
Mercedes-Benz,ML350,,,,1.0,,,,,,,,,,,,,,1,Germany,SUV,Electric
Mercedes-Benz,EQE SUV 350,1.0,,,,,,,,,,,,,,,,,1,Germany,SUV,Electric
Mercedes-Benz,EQS,1.0,,,,,,,,,,,,,,,,,1,Germany,Sedan,Electric
Mercedes-Benz,EQS 450X,1.0,,,,,,,,,,,,,,,,,1,Germany,Sedan,Electric
Mercedes-Benz,1000 SL,,,,1.0,,,,,,,,,,,,,,1,Germany,Coupe,Electric
Mercedes-Benz,1725,1.0,,,,,,,,,,,,,,,,,1,Germany,Truck,Electric
Mercedes-Benz,CLK200,,,,1.0,,,,,,,,,,,,,,1,Germany,Coupe,Electric
Mercedes-Benz,S450 4M,1.0,,,,,,,,,,,,,,,,,1,Germany,Sedan,Electric
Mercedes-Benz,+EQB 250,1.0,,,,,,,,,,,,,,,,,1,Germany,SUV,Electric
Mercedes-Benz,1845,,,,1.0,,,,,,,,,,,,,,1,Germany,Truck,Electric
Mercedes-Benz,1841,,,,1.0,,,,,,,,,,,,,,1,Germany,Truck,Electric
Mercedes-Benz,GLK,,,,1.0,,,,,,,,,,,,,,1,Germany,SUV,Electric
Mercedes-Benz,E500,,,,,,,,1.0,,,,,,,,,,1,Germany,Sedan,Electric
Mercedes-Benz,Maybach EQS,1.0,,,,,,,,,,,,,,,,,1,Germany,SUV,Electric
Mercedes-Benz,350S,1.0,,,,,,,,,,,,,,,,,1,Germany,Sedan,Electric
Mercedes-Benz,EQA 300,1.0,,,,,,,,,,,,,,,,,1,Germany,SUV,Electric
Mercedes-Benz,C200,1.0,,,,,,,,,,,,,,,,,1,Germany,Sedan,Petrol
Mercedes-Benz,3336,1.0,,,,,,,,,,,,,,,,,1,Germany,Truck,Electric
Mercedes-Benz,gls580,1.0,,,,,,,,,,,,,,,,,1,Germany,SUV,Electric
Mercedes-Benz,C180,,,,1.0,,,,,,,,,,,,,,1,Germany,Sedan,Petrol
BMW,IX3,519.0,,,,16.0,,,,,,,,,,,,,535,Germany,SUV,Electric
BMW,i3,431.0,,,,15.0,,,,8.0,,,,,,,,,454,Germany,Hatchback,Electric
BMW,ix1,120.0,,,,7.0,,,,,,,,,,,,,127,Germany,SUV,Electric
BMW,i5,98.0,,,,5.0,,,,,,,,,,,,,103,Germany,Sedan,Electric
BMW,ix,59.0,,,,2.0,,,1.0,,,,,,,,,,62,Germany,SUV,Electric
BMW,i7,54.0,,,,,,,,,,,,,,,,,54,Germany,Sedan,Electric
BMW,I4,36.0,,,,,,,,,,,,,,,,,36,Germany,Sedan,Electric
BMW,X3I,29.0,,,,,,,,,,,,,,,,,29,Germany,SUV,Electric
BMW,IX 2,20.0,,,,,,,,,,,,,,,,,20,Germany,SUV,Electric
BMW,i3 edrive35l,15.0,,,,,,,,,,,,,,,,,15,Germany,Sedan,Electric
BMW,X3,11.0,,,,2.0,,,,,,,,,,,,,13,Germany,SUV,Petrol
BMW,X1,12.0,,,,,,,,,,,,,,,,,12,Germany,SUV,Petrol
BMW,i3 35L,11.0,,,,,,,,,,,,,,,,,11,Germany,Sedan,Electric
BMW,x1 i,11.0,,,,,,,,,,,,,,,,,11,Germany,SUV,Electric
BMW,IX40,8.0,,,,,,,,,,,,,,,,,8,Germany,SUV,Electric
BMW,X3I,8.0,,,,,,,,,,,,,,,,,8,Germany,SUV,Electric
BMW,IX XDRIVE 40,7.0,,,,,,,,,,,,,,,,,7,Germany,SUV,Electric
BMW,I7X60,5.0,,,,,,,,,,,,,,,,,5,Germany,Sedan,Electric
BMW,I4 M50,4.0,,,,,,,,,,,,,,,,,4,Germany,Sedan,Electric
BMW,IX XDRIVE 50,4.0,,,,,,,,,,,,,,,,,4,Germany,SUV,Electric
BMW,I3 40L,4.0,,,,,,,,,,,,,,,,,4,Germany,Sedan,Electric
BMW,i3-EDRIVE,4.0,,,,,,,,,,,,,,,,,4,Germany,Hatchback,Electric
BMW,335i,4.0,,,,,,,,,,,,,,,,,4,Germany,Sedan,Electric
BMW,I7XDRIVE60,4.0,,,,,,,,,,,,,,,,,4,Germany,Sedan,Electric
BMW,i5 M60,3.0,,,,,,,,,,,,,,,,,3,Germany,Sedan,Electric
BMW,ix50,3.0,,,,,,,,,,,,,,,,,3,Germany,SUV,Electric
BMW,I7 Xdrive,3.0,,,,,,,,,,,,,,,,,3,Germany,Sedan,Electric
BMW,40LI,3.0,,,,,,,,,,,,,,,,,3,Germany,Sedan,Electric
BMW,I4 EDRIVE 40,3.0,,,,,,,,,,,,,,,,,3,Germany,Sedan,Electric
BMW,535li,2.0,,,,,,,,,,,,,,,,,2,Germany,Sedan,Electric
BMW,13,2.0,,,,,,,,,,,,,,,,,2,Germany,Hatchback,Electric
BMW,i5 eDrive,2.0,,,,,,,,,,,,,,,,,2,Germany,Sedan,Electric
BMW,X1 18I,2.0,,,,,,,,,,,,,,,,,2,Germany,SUV,Electric
BMW,I3L,1.0,,,,,,,,,,,,,,,,,1,Germany,Sedan,Electric
BMW,315,,,,,1.0,,,,,,,,,,,,,1,Germany,Sedan,Electric
BMW,M50,1.0,,,,,,,,,,,,,,,,,1,Germany,Sedan,Electric
BMW,i30,1.0,,,,,,,,,,,,,,,,,1,Germany,Sedan,Electric
BMW,i5 eDrive40l,1.0,,,,,,,,,,,,,,,,,1,Germany,Sedan,Electric
BMW,IX XDRIVE50,1.0,,,,,,,,,,,,,,,,,1,Germany,SUV,Electric
BMW,340I,1.0,,,,,,,,,,,,,,,,,1,Germany,Sedan,Petrol
BMW,eDRIVE,1.0,,,,,,,,,,,,,,,,,1,Germany,Sedan,Electric
BMW,520I,1.0,,,,,,,,,,,,,,,,,1,Germany,Sedan,Petrol
BMW,1335L,1.0,,,,,,,,,,,,,,,,,1,Germany,Sedan,Electric
BMW,x1 i,1.0,,,,,,,,,,,,,,,,,1,Germany,SUV,Electric
BMW,17X,1.0,,,,,,,,,,,,,,,,,1,Germany,Sedan,Electric
BMW,eDrive40,,,,,1.0,,,,,,,,,,,,,1,Germany,Sedan,Electric
BMW,800,1.0,,,,,,,,,,,,,,,,,1,Germany,Motorcycle,Electric
BMW,L3,1.0,,,,,,,,,,,,,,,,,1,Germany,Sedan,Electric
Nissan,X-trail,549.0,,,,1.0,,,,,,,,,,,,,550,Japan,SUV,Petrol
Nissan,X-Trail,340.0,,,,,,,,,,,,,,,,,340,Japan,SUV,Petrol
Nissan,N7,31.0,,,,,,,,,,,,,,,,,31,Japan,Sedan,Electric
Nissan,Qashqai,27.0,,,,,,,,,,,,,,,,,27,Japan,SUV,Petrol
Nissan,leaf. leaf,4.0,,,,,,,,,4.0,,,,,,,,8,Japan,Hatchback,Electric
Nissan,Sunny,8.0,,,,,,,,,,,,,,,,,8,Japan,Sedan,Petrol
Nissan,Qashqai,6.0,,,,,,,,,,,,,,,,,6,Japan,SUV,Petrol
Nissan,D/C,,,,4.0,,,,,,,,,,,,,,4,Japan,Pickup,Electric
Nissan,Livina,4.0,,,,,,,,,,,,,,,,,4,Japan,Minivan,Electric
Nissan,Selfie,3.0,,,,,,,,,,,,,,,,,3,Japan,Sedan,Electric
Nissan,Ariya,,,,,,,,,,2.0,,,,,,,,2,Japan,SUV,Electric
Nissan,KD 27,,,,2.0,,,,,,,,,,,,,,2,Japan,Pickup,Electric
Nissan,juke. juke,1.0,,,,,,,,,,,,,,,,,1,Japan,SUV,Electric
Nissan,D 22,,,,1.0,,,,,,,,,,,,,,1,Japan,Pickup,Electric
Nissan,Urvan,,,,1.0,,,,,,,,,,,,,,1,Japan,Van,Diesel
Nissan,GOK,1.0,,,,,,,,,,,,,,,,,1,Japan,Unknown,Electric
Nissan,urvan,,,,,,1.0,,,,,,,,,,,,1,Japan,Van,Diesel
Volkswagen,ID4,143.0,,,,39.0,,,,,,,,,,,,,182,Germany,SUV,Electric
Volkswagen,ID4.x,113.0,,,,32.0,,,,,,,,,,,,,145,Germany,SUV,Electric
Volkswagen,Golf,128.0,,,,,,,,,,,,,,,,,128,Germany,Hatchback,Petrol
Volkswagen,id4_crozz,108.0,,,,18.0,,,,,,,,,,,,,126,Germany,SUV,Electric
Volkswagen,ID.6,103.0,,,,11.0,,,1.0,,,,,,,,,,115,Germany,SUV,Electric
Volkswagen,lavida,53.0,,,,,,,,,,,,,,,,,53,Germany,Sedan,Electric
Volkswagen,Wagon,15.0,,,,,,,,,,,,,,,,,15,Germany,Wagon,Electric
Volkswagen,CrossFox,3.0,,,,,,,,,,,,,,,,,3,Germany,Hatchback,Electric
Volkswagen,Passat,2.0,,,,,,,,,,,,,,,,,2,Germany,Sedan,Petrol
Volkswagen,t cross,1.0,,,,,,,,,,,,,,,,,1,Germany,SUV,Electric
Volkswagen,t cross,1.0,,,,,,,,,,,,,,,,,1,Germany,SUV,Electric
Volkswagen,ID3,1.0,,,,,,,,,,,,,,,,,1,Germany,Hatchback,Electric
Chevrolet,Spark,365.0,,,,,,,,,,,,,,,,,365,USA,Hatchback,Petrol
Chevrolet,bolt,198.0,,,,,,,,,,,,,,,,,198,USA,Hatchback,Electric
Chevrolet,TFR,,,,119.0,,,,,,,,,,,,,,119,USA,Pickup,Electric
Chevrolet,N P R,,,,22.0,,,,,,,,,,,,,,22,USA,Truck,Electric
Chevrolet,menlo,20.0,,,,1.0,,,,,,,,,,,,,21,USA,Wagon,Electric
Chevrolet,Lanos,5.0,,,,,,,,,,,,,,,,,5,USA,Sedan,Petrol
Chevrolet,LTZ,,,,5.0,,,,,,,,,,,,,,5,USA,SUV,Electric
Chevrolet,Aveo,4.0,,,,,,,,,,,,,,,,,4,USA,Sedan,Petrol
Chevrolet,Aveo,4.0,,,,,,,,,,,,,,,,,4,USA,Sedan,Petrol
Chevrolet,Captiva,4.0,,,,,,,,,,,,,,,,,4,USA,SUV,Petrol
Chevrolet,2500,,,,4.0,,,,,,,,,,,,,,4,USA,Pickup,Electric
Chevrolet,Aveo,4.0,,,,,,,,,,,,,,,,,4,USA,Sedan,Petrol
Chevrolet,Aveo,4.0,,,,,,,,,,,,,,,,,4,USA,Sedan,Petrol
Chevrolet,N300,1.0,,,2.0,,,,,,,,,,,,,,3,USA,Van,Petrol
Chevrolet,Captiva,3.0,,,,,,,,,,,,,,,,,3,USA,SUV,Petrol
Chevrolet,Menlo,2.0,,,,,,,,,,,,,,,,,2,USA,Wagon,Electric
Chevrolet,Deluxe,,,,,,1.0,,,,,,,,,,,,1,USA,Van,Electric
Chevrolet,Optra,1.0,,,,,,,,,,,,,,,,,1,USA,Sedan,Petrol
Zeekr,7X,363.0,,,,1.0,,,,,1.0,,,,,,,,365,China,SUV,Electric
Zeekr,1,225.0,,,,,,,,,,,,,,,,,225,China,Sedan,Electric
Zeekr,x,71.0,,,,,,,,,,,,,,,,,71,China,SUV,Electric
Zeekr,7,13.0,,,,,,,,,,,,,,,,,13,China,SUV,Electric
Zeekr,1,6.0,,,,,,,,,,,,,,,,,6,China,Sedan,Electric
Zeekr,9,4.0,,,,,,,,,,,,,,,,,4,China,SUV,Electric
Zeekr,001,4.0,,,,,,,,,,,,,,,,,4,China,Sedan,Electric
Zeekr,MIX,1.0,,,,,,,,,,,,,,,,,1,China,Minivan,Electric
Tesla,,254.0,,,4.0,12.0,,,12.0,,,,,,,,,,282,USA,,Electric
Tesla,y,153.0,,,,5.0,,,,,,,,,,,,,158,USA,SUV,Electric
Tesla,3,93.0,,,,6.0,,,1.0,,,,,,,,,,100,USA,Sedan,Electric
Tesla,MODEL 3,28.0,,,,,,,2.0,,,,,,,,,,30,USA,Sedan,Electric
Tesla,MODEL Y,23.0,,,,,,,,,,,,,,,,,23,USA,SUV,Electric
Tesla,MODEL X,23.0,,,,,,,,,,,,,,,,,23,USA,SUV,Electric
Tesla,,13.0,,,3.0,1.0,,,1.0,,,,,,,,,,18,USA,,Electric
Tesla,MODELY,17.0,,,,,,,1.0,,,,,,,,,,18,USA,SUV,Electric
Tesla,s,10.0,,,,,,,,,,,,,,,,,10,USA,Sedan,Electric
Tesla,CYBERTRUCK,2.0,,,2.0,1.0,,,,,,,,,,,,,5,USA,Pickup,Electric
Tesla,,3.0,,,,,,,,,,,,,,,,,3,USA,,Electric
Tesla,3,1.0,,,,,,,,,,,,,,,,,1,USA,Sedan,Electric
Tesla,x,,,,,,,,1.0,,,,,,,,,,1,USA,SUV,Electric
Tesla,DUAL,1.0,,,,,,,,,,,,,,,,,1,USA,Sedan,Electric
ROX,1,402.0,,,,6.0,,,,,,,,,,,,,408,China,SUV,Electric
ROX,1,92.0,,,,,,,2.0,,,,,,,,,,94,China,SUV,Electric
ROX,01,70.0,,,,,,,,,,,,,,,,,70,China,SUV,Electric
XPeng,G9,257.0,,,,,,,,1.0,,,,,,,,,258,China,SUV,Electric
XPeng,G6,142.0,,,,,,,,,,,,,,,,,142,China,SUV,Electric
XPeng,M03,74.0,,,,,,,,,,,,,,,,,74,China,Sedan,Electric
XPeng,P7,60.0,,,,,,,,,,,,,,,,,60,China,Sedan,Electric
XPeng,X9,14.0,,,,,,,,,,,,,,,,,14,China,Minivan,Electric
XPeng,Mona M03,2.0,,,,,,,,,,,,,,,,,2,China,Sedan,Electric
XPeng,G3,2.0,,,,,,,,,,,,,,,,,2,China,SUV,Electric
MCV,,,,333.0,,,3.0,,,,,,,,,,,,336,Egypt,,Electric
MCV,c120 ev,,,8.0,,,100.0,,,,,,,,,,,,108,Egypt,Bus,Electric
MCV,,,,90.0,,,1.0,,,,,,,,,,,,91,Egypt,,Electric
Suzuki,Suzuki,,,1.0,157.0,,,11.0,,,,,,,,,,,169,Japan,Bus,Electric
Suzuki,Van,16.0,,4.0,101.0,,,40.0,,,,,,,,,,,161,Japan,Van,Electric
Suzuki,1000,,,,15.0,,,49.0,,,,,,,,,,,64,Japan,Pickup,Electric
Suzuki,Suzuki microbus,16.0,,3.0,4.0,,,9.0,,,,,,,,,,,32,Japan,Van,Electric
Suzuki,vtl,,,,31.0,,,,,,,,,,,,,,31,Japan,Pickup,Electric
Suzuki,1600,2.0,,,2.0,,,2.0,,,,,,,,,,,6,Japan,Sedan,Electric
Suzuki,SE21V,,,,1.0,,,4.0,,,,,,,,,,,5,Japan,Van,Electric
Suzuki,VZR,,,,1.0,,,4.0,,,,,,,,,,,5,Japan,Pickup,Electric
Suzuki,Swift.,4.0,,,,,,,,,,,,,,,,,4,Japan,Hatchback,Electric
Suzuki,Vernon,,,,4.0,,,,,,,,,,,,,,4,Japan,Pickup,Electric
Suzuki,LJ80,,,3.0,,,,,,,,,,,,,,,3,Japan,Bus,Electric
Suzuki,1000,,,,2.0,,,1.0,,,,,,,,,,,3,Japan,Pickup,Electric
Suzuki,Fronx,,,,,,,2.0,,,,,,,,,,,2,Japan,SUV,Electric
Suzuki,Suzuki microbus,,,,,,,2.0,,,,,,,,,,,2,Japan,Van,Electric
Suzuki,sv,,,,1.0,,,,,,,,,,,,,,1,Japan,Pickup,Electric
Suzuki,1600,,,,,,,1.0,,,,,,,,,,,1,Japan,Sedan,Electric
Pluto Volt,Volt,,426.0,,,,,,,,,,,,,,,,426,China,Motorcycle,Electric
Honda,E-NP1,135.0,,,,3.0,,,,,,,,,,,,,138,Japan,SUV,Electric
Honda,e:ns1,82.0,,,,1.0,,,,,,,,,,,,,83,Japan,SUV,Electric
Honda,ENSI,57.0,,,,1.0,,,,,,,,,,,,,58,Japan,Sedan,Electric
Honda,ENP2,47.0,,,,8.0,,,,,,,,,,,,,55,Japan,SUV,Electric
Honda,mnv,14.0,,,,,,,,,,,,,,,,,14,Japan,SUV,Electric
Honda,NP1,10.0,,,,1.0,,,,,,,,,,,,,11,Japan,SUV,Electric
Honda,ENS,5.0,,,,,,,,,,,,,,,,,5,Japan,SUV,Electric
Honda,NSI,3.0,,,,,,,2.0,,,,,,,,,,5,Japan,Sedan,Electric
Honda,vtx,2.0,1.0,,,,,,,,,,,,,,,,3,Japan,Motorcycle,Electric
Honda,Honda,2.0,,,,,,,,,,,,,,,,,2,Japan,Sedan,Electric
Honda,e:NY1,1.0,,,,,,,,,,,,,,,,,1,Japan,SUV,Electric
Honda,S7,1.0,,,,,,,,,,,,,,,,,1,Japan,SUV,Electric
Honda,NB2,1.0,,,,,,,,,,,,,,,,,1,Japan,Motorcycle,Electric
Honda,CBR,1.0,,,,,,,,,,,,,,,,,1,Japan,Motorcycle,Electric
Honda,X - N V,1.0,,,,,,,,,,,,,,,,,1,Japan,SUV,Electric
MG,MG4,346.0,,,,,,,,,,,,,,,,,346,China,Hatchback,Electric
MG,IM LS7,16.0,,,,,,,,,,,,,,,,,16,China,SUV,Electric
MG,ZS,9.0,,,,,,,,,,,,,,,,,9,China,SUV,Petrol
MG,5,4.0,,,,,,,,,,,,,,,,,4,China,Sedan,Electric
MG,HS,2.0,,,,,,,,,,,,,,,,,2,China,SUV,Petrol
MG,HC LUXURY,1.0,,,,,,,,,,,,,,,,,1,China,SUV,Electric
Audi,q4,106.0,,,,2.0,,,1.0,,,,,,,,,,109,Germany,SUV,Electric
Audi,Q5,57.0,,,,5.0,,,,,,,,,,,,,62,Germany,SUV,Petrol
Audi,Q4 E-TRON 40,48.0,,,,,,,,,,,,,,,,,48,Germany,SUV,Electric
Audi,Q8,47.0,,,,,,,,,,,,,,,,,47,Germany,SUV,Petrol
Audi,Q6,16.0,,,,,,,,,,,,,,,,,16,Germany,SUV,Electric
Audi,E-TRONS,11.0,,,,,,,,,,,,,,,,,11,Germany,SUV,Electric
Audi,Q5E-TRON,7.0,,,,,,,,,,,,,,,,,7,Germany,SUV,Electric
Audi,Q4e-tron,6.0,,,,,,,,,,,,,,,,,6,Germany,SUV,Electric
Audi,Q8 e-tron,5.0,,,,,,,1.0,,,,,,,,,,6,Germany,SUV,Electric
Audi,4,,,,,3.0,,,,,,,,,,,,,3,Germany,SUV,Electric
Audi,RS E-Tron,3.0,,,,,,,,,,,,,,,,,3,Germany,Sedan,Electric
Audi,Q4 40 e-tron,3.0,,,,,,,,,,,,,,,,,3,Germany,SUV,Electric
Audi,Q3,2.0,,,,,,,,,,,,,,,,,2,Germany,SUV,Petrol
Audi,Q4 E-TRON,2.0,,,,,,,,,,,,,,,,,2,Germany,SUV,Electric
Audi,TT,2.0,,,,,,,,,,,,,,,,,2,Germany,Coupe,Petrol
Audi,Q5 40e-tron,2.0,,,,,,,,,,,,,,,,,2,Germany,SUV,Electric
Audi,Quattro,1.0,,,,,,,,,,,,,,,,,1,Germany,Sedan,Electric
Audi,A4,1.0,,,,,,,,,,,,,,,,,1,Germany,Sedan,Petrol
Audi,Q5 50 e-tron,1.0,,,,,,,,,,,,,,,,,1,Germany,SUV,Electric
Audi,SQ8 e-tron,1.0,,,,,,,,,,,,,,,,,1,Germany,SUV,Electric
Audi,Q2,1.0,,,,,,,,,,,,,,,,,1,Germany,SUV,Petrol
Avatr,12,147.0,,,,1.0,,,,,,,,,,,,,148,China,Sedan,Electric
Avatr,11,73.0,,,,1.0,,,1.0,,,,,,,,,,75,China,SUV,Electric
Avatr,7,43.0,,,,1.0,,,,,,,,,,,,,44,China,SUV,Electric
Avatr,12,18.0,,,,,,,,,,,,,,,,,18,China,Sedan,Electric
Avatr,11,5.0,,,,,,,,,,,,,,,,,5,China,SUV,Electric
Avatr,07,5.0,,,,,,,,,,,,,,,,,5,China,SUV,Electric
Avatr,7,4.0,,,,,,,,,,,,,,,,,4,China,SUV,Electric
Avatr,6,1.0,,,,,,,,,,,,,,,,,1,China,Sedan,Electric
Avatr,6,1.0,,,,,,,,,,,,,,,,,1,China,Sedan,Electric
Wing Pullman,pm4a,,286.0,,,,,,,,,,,,,,,,286,USA,Motorcycle,Electric
Wing Pullman,pm4s,,4.0,,,,,,,,,,,,,,,,4,USA,Motorcycle,Electric
Deepal,S05,161.0,,,,,,,,,,,,,,,,,161,China,SUV,Electric
Deepal,S07,68.0,,,,,,,,,,,,,,,,,68,China,SUV,Electric
Deepal,G318,53.0,,,,,,,,,,,,,,,,,53,China,SUV,Electric
Deepal,SL03,2.0,,,,,,,,,,,,,,,,,2,China,Sedan,Electric
Deepal,S09,1.0,,,,,,,,,,,,,,,,,1,China,SUV,Electric
Deepal,SL3,1.0,,,,,,,,,,,,,,,,,1,China,Sedan,Electric
Toyota,bZ3X,74.0,,,,,,,,,,,,,,,,,74,Japan,SUV,Electric
Toyota,bz4x,48.0,,,,,,,1.0,3.0,,,,,,,,,52,Japan,SUV,Electric
Toyota,Corolla,25.0,,,,,,,,,,,,,,,,,25,Japan,Sedan,Petrol
Toyota,bz3,21.0,,,,1.0,,,,,,,,,,,,,22,Japan,Sedan,Electric
Toyota,Hiace,,,1.0,2.0,,10.0,5.0,,,,,3.0,,,,,,21,Japan,Bus,Diesel
Toyota,CHR,17.0,,,1.0,,,,,,,,,,,,,,18,Japan,SUV,Electric
Toyota,XA,,,,5.0,,1.0,,,,,,,,,,,,6,Japan,Sedan,Electric
Toyota,Hilux,,,,1.0,,,1.0,,,,,,,,,,,2,Japan,Pickup,Diesel
Toyota,Crown,2.0,,,,,,,,,,,,,,,,,2,Japan,Sedan,Petrol
Toyota,cruiser,2.0,,,,,,,,,,,,,,,,,2,Japan,SUV,Electric
Toyota,Coaster,,,,,,2.0,,,,,,,,,,,,2,Japan,Bus,Diesel
Toyota,Prado,1.0,,,,,,,,,,,,,,,,,1,Japan,SUV,Diesel
Toyota,Hias van,,,,,,1.0,,,,,,,,,,,,1,Japan,Van,Electric
Toyota,highlander,,,,,,,,1.0,,,,,,,,,,1,Japan,SUV,Electric
Toyota,Fortuner,1.0,,,,,,,,,,,,,,,,,1,Japan,SUV,Diesel
Toyota,HIACE,,,,,,1.0,,,,,,,,,,,,1,Japan,Bus,Diesel
Toyota,Hayes,,,,,,1.0,,,,,,,,,,,,1,Japan,Van,Electric
DFSK,E5,138.0,,,,,,,,,,,,,,,,,138,China,SUV,Electric
DFSK,E5 PLUS,80.0,,,,,,,,,,,,,,,,,80,China,SUV,Electric
DFSK,EC35,,,,2.0,,,,,,,,,,,,,,2,China,Van,Electric
Avatr,12,95.0,,,,4.0,,,1.0,,,,,,,,,,100,China,Sedan,Electric
Avatr,11,23.0,,,,1.0,,,,,,,,,,,,,24,China,SUV,Electric
Avatr,7,24.0,,,,,,,,,,,,,,,,,24,China,SUV,Electric
Avatr,12,21.0,,,,,,,,,,,,,,,,,21,China,Sedan,Electric
Avatr,7,15.0,,,,,,,,,,,,,,,,,15,China,SUV,Electric
Avatr,11,10.0,,,,,,,,,,,,,,,,,10,China,SUV,Electric
Avatr,6,6.0,,,,,,,,,,,,,,,,,6,China,Sedan,Electric
Avatr,07,6.0,,,,,,,,,,,,,,,,,6,China,SUV,Electric
Avatr,12MASTER,3.0,,,,,,,,,,,,,,,,,3,China,Sedan,Electric
Avatr,06PRO,2.0,,,,,,,,,,,,,,,,,2,China,SUV,Electric
Avatr,7 PRO,2.0,,,,,,,,,,,,,,,,,2,China,SUV,Electric
Avatr,07PRO,2.0,,,,,,,,,,,,,,,,,2,China,SUV,Electric
Avatr,12MAX,1.0,,,,,,,,,,,,,,,,,1,China,Sedan,Electric
Avatr,07MAX PLUS,1.0,,,,,,,,,,,,,,,,,1,China,SUV,Electric
Avatr,6,1.0,,,,,,,,,,,,,,,,,1,China,Sedan,Electric
Avatr,6,1.0,,,,,,,,,,,,,,,,,1,China,Sedan,Electric
Porsche,Taycan,78.0,,,,2.0,,,,,,,,,,,,,80,Germany,Sedan,Electric
Porsche,Taycan 4s,58.0,,,,,,,,,,,,,,,,,58,Germany,Sedan,Electric
Porsche,Taycan Turbo,31.0,,,,,,,,,,,,,,,,,31,Germany,Sedan,Electric
Porsche,Macan 4S,15.0,,,,1.0,,,,,,,,,,,,,16,Germany,SUV,Electric
Porsche,macan 4,14.0,,,,,,,,,,,,,,,,,14,Germany,SUV,Electric
Porsche,taycan GTS,11.0,,,,,,,,,,,,,,,,,11,Germany,Sedan,Electric
Porsche,Macan 4S,4.0,,,,,,,,,,,,,,,,,4,Germany,SUV,Electric
Porsche,360,2.0,,,,,,,,,,,,,,,,,2,Germany,Sedan,Electric
Porsche,Cayenne,2.0,,,,,,,,,,,,,,,,,2,Germany,SUV,Petrol
Kia,EV5,108.0,,,,4.0,,,,,,,,,,,,,112,South Korea,SUV,Electric
Kia,Soul,38.0,,,,,,,,,,,,,,,,,38,South Korea,Hatchback,Petrol
Kia,EV9,9.0,,,,3.0,,,,,,,,,,,,,12,South Korea,SUV,Electric
Kia,EV6,8.0,,,,,,,1.0,,,,,,,,,,9,South Korea,SUV,Electric
Kia,Cerato,7.0,,,,,,,,,,,,,,,,,7,South Korea,Sedan,Petrol
Kia,EV3,6.0,,,,,,,,,,,,,,,,,6,South Korea,SUV,Electric
Kia,k3,5.0,,,,,,,,,,,,,,,,,5,South Korea,Sedan,Electric
Kia,Sorento,2.0,,,,,,,1.0,,,,,,,,,,3,South Korea,SUV,Diesel
Kia,Sportage,3.0,,,,,,,,,,,,,,,,,3,South Korea,SUV,Petrol
Kia,Niro,1.0,,,,,,,1.0,,,,,,,,,,2,South Korea,SUV,Hybrid
Kia,EX,,,,,1.0,,,,,,,,,,,,,1,South Korea,Sedan,Electric
Kia,BONGO EV,,,,1.0,,,,,,,,,,,,,,1,South Korea,Pickup,Electric
Kia,Pride,1.0,,,,,,,,,,,,,,,,,1,South Korea,Sedan,Electric
Kia,Picanto,1.0,,,,,,,,,,,,,,,,,1,South Korea,Hatchback,Petrol
Kia,EV5 720,1.0,,,,,,,,,,,,,,,,,1,South Korea,SUV,Electric
Kia,Cerato,1.0,,,,,,,,,,,,,,,,,1,South Korea,Sedan,Petrol
Kia,Forte,1.0,,,,,,,,,,,,,,,,,1,South Korea,Sedan,Electric
Kia,1800,,,,1.0,,,,,,,,,,,,,,1,South Korea,Truck,Electric
Hyundai,IONIQ 5,57.0,,,,2.0,,,1.0,,,,,,,,,,60,South Korea,SUV,Electric
Hyundai,KONA,31.0,,,,,,,2.0,,,,,,,,,,33,South Korea,SUV,Petrol
Hyundai,IONIQ,27.0,,,,3.0,,,2.0,,,,,,,,,,32,South Korea,Sedan,Hybrid
Hyundai,IONIQ 6,23.0,,,,1.0,,,,,,,,,,,,,24,South Korea,Sedan,Electric
Hyundai,Matrix,7.0,,,,,,,,,,,,,,,,,7,South Korea,Minivan,Electric
Hyundai,Elantra,7.0,,,,,,,,,,,,,,,,,7,South Korea,Sedan,Petrol
Hyundai,Verna,5.0,,,,,,,,,,,,,,,,,5,South Korea,Sedan,Electric
Hyundai,Tucson,5.0,,,,,,,,,,,,,,,,,5,South Korea,SUV,Petrol
Hyundai,Avante,3.0,,,,,,,,,,,,,,,,,3,South Korea,Sedan,Electric
Hyundai,ioniq5,1.0,,,,,,,1.0,,1.0,,,,,,,,3,South Korea,SUV,Electric
Hyundai,Accent,3.0,,,,,,,,,,,,,,,,,3,South Korea,Sedan,Petrol
Hyundai,Excel,2.0,,,,,,,,,,,,,,,,,2,South Korea,Sedan,Electric
Hyundai,A35,1.0,,,,,,,,,,,,,,,,,1,South Korea,Sedan,Electric
Hyundai,staria,1.0,,,,,,,,,,,,,,,,,1,South Korea,Van,Electric
Hyundai,staria,1.0,,,,,,,,,,,,,,,,,1,South Korea,Van,Petrol
Hyundai,Accent RB,1.0,,,,,,,,,,,,,,,,,1,South Korea,Sedan,Electric
Hyundai,Accent 1300,1.0,,,,,,,,,,,,,,,,,1,South Korea,Sedan,Electric
Hyundai,H I,,,,,,1.0,,,,,,,,,,,,1,South Korea,Van,Electric
Hyundai,GENESIS,1.0,,,,,,,,,,,,,,,,,1,South Korea,Sedan,Petrol
Hyundai,Sonata,1.0,,,,,,,,,,,,,,,,,1,South Korea,Sedan,Petrol
Volvo,ex30,133.0,,,,,,,,,,,,,,,,,133,Sweden,SUV,Electric
Volvo,C40,40.0,,,,,,,,,,,,,,,,,40,Sweden,SUV,Electric
Volvo,XC40,1.0,,,,,,,,,,,,,,,,,1,Sweden,SUV,Petrol
Volvo,440,,,,,,,,,,,,,,1.0,,,,1,Sweden,Truck,Electric
Volvo,242,,,,1.0,,,,,,,,,,,,,,1,Sweden,Sedan,Electric
Volvo,X260,,,,1.0,,,,,,,,,,,,,,1,Sweden,Sedan,Electric
Foton,FOTON,,,127.0,,,1.0,,,,,,,,,,1.0,,129,China,Bus,Electric
Foton,BX,,,10.0,,,,,,,,,,,,,,,10,China,Bus,Electric
Foton,Photon,,,6.0,,,,,,,,,,,,,,,6,China,Bus,Electric
Foton,VS3,,,3.0,,,,,,,,,,,,,,,3,China,Bus,Electric
IM,LS7,82.0,,,,,,,1.0,,,,,,,,,,83,China,SUV,Electric
IM,IM6,34.0,,,,,,,,,,,,,,,,,34,China,Sedan,Electric
IM,IM5,30.0,,,,,,,,,,,,,,,,,30,China,Sedan,Electric
Changan,DEEPAL-G318,30.0,,,,,,,,,,,,,,,,,30,China,SUV,Electric
Changan,S7,12.0,,,,,,,2.0,,,,,,,,,,14,China,SUV,Electric
Changan,Deepal S05,13.0,,,,,,,,,,,,,,,,,13,China,SUV,Electric
Changan,deepal S7,12.0,,,,,,,,,,,,,,,,,12,China,SUV,Electric
Changan,SL03,11.0,,,,,,,,,,,,,,,,,11,China,Sedan,Electric
Changan,Deepal S07,8.0,,,,,,,,,,,,,,,,,8,China,SUV,Electric
Changan,e-star,8.0,,,,,,,,,,,,,,,,,8,China,Hatchback,Electric
Changan,S07,6.0,,,,,,,,,,,,,,,,,6,China,SUV,Electric
Changan,cs55,4.0,,,,,,,,,,,,,,,,,4,China,SUV,Electric
Changan,Debal G 318,4.0,,,,,,,,,,,,,,,,,4,China,SUV,Electric
Changan,Eado,4.0,,,,,,,,,,,,,,,,,4,China,Sedan,Petrol
Changan,DEEPAL,1.0,,,,,,,,,,,,,,,,,1,China,Sedan,Electric
Changan,Wagon,,,,,,,,1.0,,,,,,,,,,1,China,Wagon,Electric
Changan,UNI-T,1.0,,,,,,,,,,,,,,,,,1,China,SUV,Electric
Dongfeng,BOX,50.0,,,,,,,,,,,,,,,,,50,China,Hatchback,Electric
Dongfeng,7,28.0,,,,,,,,,,,,,,,,,28,China,Sedan,Electric
Dongfeng,8,14.0,,,,,,,,,,,,,,,,,14,China,Sedan,Electric
Dongfeng,Voyah free EV,5.0,,,,,,,,,,,,,,,,,5,China,SUV,Electric
Dongfeng,HUGE,,,,3.0,,,,,,,,,,,,,,3,China,SUV,Electric
Dongfeng,AEOLUS L7,2.0,,,,,,,,,,,,,,,,,2,China,SUV,Electric
Dongfeng,M-HERO,2.0,,,,,,,,,,,,,,,,,2,China,SUV,Electric
Dongfeng,EX1,1.0,,,,,,,,,,,,,,,,,1,China,Hatchback,Electric
Dongfeng,M5 EV,,,,1.0,,,,,,,,,,,,,,1,China,Van,Electric
Smart,MODEL3,55.0,,,,,,,,2.0,,,,,,,,,57,Germany,Hatchback,Electric
Smart,MODEL1,46.0,,,,,,,,,,,,,,,,,46,Germany,Hatchback,Electric
Smart,city,2.0,,,,,,,,,,,,,,,,,2,Germany,Hatchback,Electric
Smart,Pure,1.0,,,,,,,,,,,,,,,,,1,Germany,Hatchback,Electric
Chery,geometry,72.0,,,,,,,,,,,,,,,,,72,China,Sedan,Electric
Chery,JJ,7.0,,,,,,,,,,,,,,,,,7,China,Sedan,Electric
Chery,Emgrand 7,6.0,,,,,,,,,,,,,,,,,6,China,Sedan,Electric
Chery,zeekr 001,5.0,,,,,,,,,,,,,,,,,5,China,Sedan,Electric
Chery,ex3,4.0,,,,,,,,,,,,,,,,,4,China,SUV,Electric
Chery,kandi,4.0,,,,,,,,,,,,,,,,,4,China,Hatchback,Electric
Chery,GX3,2.0,,,,,,,,,,,,,,,,,2,China,SUV,Electric
Chery,E8,1.0,,,,,,,,,,,,,,,,,1,China,Sedan,Electric
Chery,EQ7,60.0,,,,,,,,,,,,,,,,,60,China,SUV,Electric
Chery,Tiggo,22.0,,,,,,,,,,,,,,,,,22,China,SUV,Electric
Chery,Tiggo,22.0,,,,,,,,,,,,,,,,,22,China,SUV,Petrol
Chery,Tiggo 3,4.0,,,,,,,,,,,,,,,,,4,China,SUV,Electric
Chery,Tiggo 3,4.0,,,,,,,,,,,,,,,,,4,China,SUV,Petrol
Chery,Arizzo 5,4.0,,,,,,,,,,,,,,,,,4,China,Sedan,Electric
Chery,Tiggo7,3.0,,,,,,,,,,,,,,,,,3,China,SUV,Electric
Chery,Tiggo7,3.0,,,,,,,,,,,,,,,,,3,China,SUV,Petrol
Chery,Tiggo 4,2.0,,,,,,,,,,,,,,,,,2,China,SUV,Petrol
Chery,chery,1.0,,,,,,,,,,,,,,,,,1,China,Sedan,Electric
Chery,envy,1.0,,,,,,,,,,,,,,,,,1,China,Sedan,Electric
Chery,I CAR 03,1.0,,,,,,,,,,,,,,,,,1,China,SUV,Electric
Chery,Arizzo,1.0,,,,,,,,,,,,,,,,,1,China,Sedan,Electric
Chery,EQ3,1.0,,,,,,,,,,,,,,,,,1,China,Hatchback,Electric
DFM,E70 PRO,95.0,,,,,,,,,,,,,,,,,95,China,Sedan,Electric
Higer,,,,61.0,,,,,,,,,,,,,,,61,China,,Electric
Higer,Higer,,,29.0,,,1.0,,,,,,,,,,,,30,China,Bus,Electric
Higer,,,,2.0,,,,,,,,,,,,,,,2,China,,Electric
Xiaomi,SU7,35.0,,,,,,,,,,,,,,,,,35,China,Sedan,Electric
Xiaomi,YU7,29.0,,,,,,,,,,,,,,,,,29,China,Sedan,Electric
Xiaomi,SU7 MAX,20.0,,,,,,,,,,,,,,,,,20,China,Sedan,Electric
Xiaomi,YU7 MAX,7.0,,,,,,,,,,,,,,,,,7,China,Sedan,Electric
Xiaomi,SU7 ULTRA,1.0,,,,,,,,,,,,,,,,,1,China,Sedan,Electric
Xiaomi,SU7 PRO,1.0,,,,,,,,,,,,,,,,,1,China,Sedan,Electric
Fiat,500,66.0,,,,,,,,,,,,,,,,,66,Italy,Hatchback,Petrol
Fiat,500E,7.0,,,,,,,1.0,,,,,,,,,,8,Italy,Hatchback,Electric
Fiat,Doblo,1.0,,,,,,,,,,,,,,,,,1,Italy,Van,Diesel
Fiat,125,1.0,,,,,,,,,,,,,,,,,1,Italy,Sedan,Electric
Fiat,Siena,1.0,,,,,,,,,,,,,,,,,1,Italy,Sedan,Electric
Fiat,500,1.0,,,,,,,,,,,,,,,,,1,Italy,Hatchback,Petrol
Fiat,1800,,,,,,,,,,,,,,1.0,,,,1,Italy,Sedan,Electric
Fiat,E-ULYSSE,1.0,,,,,,,,,,,,,,,,,1,Italy,Van,Electric
Fiat,131,1.0,,,,,,,,,,,,,,,,,1,Italy,Sedan,Electric
Fiat,Tipo,1.0,,,,,,,,,,,,,,,,,1,Italy,Sedan,Petrol
Changhong,cs55,32.0,,,,,,,,,,,,,,,,,32,China,SUV,Electric
Changhong,changhong,12.0,,,,,,,,,,,,,,,,,12,China,Sedan,Electric
Changhong,Eado,12.0,,,,,,,,,,,,,,,,,12,China,Sedan,Electric
Changhong,E-Star,9.0,,,,1.0,,,,,,,,,,,,,10,China,Hatchback,Electric
Changhong,Alsvin,1.0,,,,,,,,,,,,,,,,,1,China,Sedan,Electric
Dayun,YUEHU PURE,52.0,,,,,,,,,,,,,,,,,52,China,SUV,Electric
Dayun,rehigh rh6,4.0,,,,,,,,,,,,,,,,,4,China,SUV,Electric
Dayun,yuanzhi pure,4.0,,,,,,,,,,,,,,,,,4,China,SUV,Electric
Dayun,rehigh rh8,3.0,,,,,,,,,,,,,,,,,3,China,SUV,Electric
Dayun,YUANZHI M1,2.0,,,,,,,,,,,,,,,,,2,China,SUV,Electric
Dayun,m1,1.0,,,,,,,,,,,,,,,,,1,China,SUV,Electric
Wuling,wuling,50.0,,,,,,,,,,,,,,,,,50,China,Hatchback,Electric
Wuling,,,,,15.0,,,,,,,,,,,,,,15,China,,Electric
Genesis,gv70,37.0,,,,,,,,,,,,,,,,,37,South Korea,SUV,Electric
Genesis,gv60,14.0,,,,,,,,,,,,,,,,,14,South Korea,SUV,Electric
Genesis,G80,5.0,,,,,,,,,,,,,,,,,5,South Korea,Sedan,Electric
Dayun,150,,40.0,,,,,,,,,,,,,,,,40,China,Motorcycle,Electric
Dayun,150,,10.0,,,,,,,,,,,,,,,,10,China,Motorcycle,Electric
Dayun,DY150,,2.0,,,,,,,,,,,,,,,,2,China,Motorcycle,Electric
Dayun,dy4,1.0,,,,,,,,,,,,,,,,,1,China,Motorcycle,Electric
Dayun,162FMJ,1.0,,,,,,,,,,,,,,,,,1,China,Motorcycle,Electric
JAC,s4,21.0,,,,,,,,,,,,,,,,,21,China,SUV,Electric
JAC,ie7,11.0,,,,,,,,,,,,,,,,,11,China,Sedan,Electric
JAC,iEV6E,7.0,,,,,,,,,,,,,,,,,7,China,Hatchback,Electric
JAC,S7,4.0,,,,,,,,,,,,,,,,,4,China,SUV,Electric
JAC,js4,3.0,,,,,,,,,,,,,,,,,3,China,SUV,Electric
JAC,E30X,1.0,,,,,,,,,,,,,,,,,1,China,Hatchback,Electric
JAC,S2,1.0,,,,,,,,,,,,,,,,,1,China,SUV,Electric
JAC,EJ7,1.0,,,,,,,,,,,,,,,,,1,China,Sedan,Electric
JAC,REIN,,,,1.0,,,,,,,,,,,,,,1,China,SUV,Electric
Aeolus DFM,e70,50.0,,,,,,,,,,,,,,,,,50,China,Sedan,Electric
Ford,Mustang,20.0,,,,2.0,,,,,,,,,,,,,22,USA,Coupe,Petrol
Ford,Focus,14.0,,,,,,,,,,,,,,,,,14,USA,Sedan,Petrol
Ford,Fusion,,,,,,,,,,8.0,,,,,,,,8,USA,Sedan,Petrol
Ford,Mustague,2.0,,,,,,,,,,,,,,,,,2,USA,Coupe,Electric
Ford,TERRITORY,1.0,,,,,,,,,,,,,,,,,1,USA,SUV,Electric
Ford,MUSTANG MACH-E,1.0,,,,,,,,,,,,,,,,,1,USA,SUV,Electric
Ford,Mustang 350V-175,1.0,,,,,,,,,,,,,,,,,1,USA,Coupe,Electric
Neta,x,42.0,,,,,,,,,,,,,,,,,42,China,SUV,Electric
Neta,X 500,1.0,,,,,,,,,,,,,,,,,1,China,SUV,Electric
GMC,hummer,21.0,,,1.0,,,,,,,,,,,,,,22,USA,Pickup,Electric
GMC,Hummer EV,9.0,,,3.0,,,,,,,,,,,,,,12,USA,Pickup,Electric
GMC,HUMMER EV 3X,2.0,,,,,,,,,,,,,,,,,2,USA,Pickup,Electric
GMC,SIERRA,,,,1.0,,,,,,,,,,,,,,1,USA,Pickup,Petrol
GMC,HUMMER EV 2X,1.0,,,,,,,,,,,,,,,,,1,USA,Pickup,Electric
Lynk & Co,2,35.0,,,,,,,,,,,,,,,,,35,China,SUV,Electric
Bajaj,discover,,8.0,,,,,,,,,,,4.0,,,,,12,India,Motorcycle,Electric
Bajaj,pulsar,,8.0,,,,,,,,,,,2.0,,,,,10,India,Motorcycle,Electric
Bajaj,Boxer 150,,6.0,,,,,,,,,,,,,,,,6,India,Motorcycle,Electric
Bajaj,150,,2.0,,,,,,,,,,,,,,,,2,India,Motorcycle,Electric
Bajaj,cc180,,2.0,,,,,,,,,,,,,,,,2,India,Motorcycle,Electric
Bajaj,Exhaus Tech,,,,,,,,,,,,,1.0,,,,,1,India,Motorcycle,Electric
Bajaj,135,,,,,,,,,,,,,1.0,,,,,1,India,Motorcycle,Electric
Skyworth,EV6,30.0,,,,,,,,,,,,,,,,,30,China,SUV,Electric
Smart,city,10.0,,,,,,,,,,,,,,,,,10,Germany,Hatchback,Electric
Smart,fortwo,6.0,,,,,,,,,,,,,,,,,6,Germany,Hatchback,Electric
Smart,1000,5.0,,,,,,,,,,,,,,,,,5,Germany,Hatchback,Electric
Smart,Smart,4.0,,,,,,,,,,,,,,,,,4,Germany,Hatchback,Electric
Smart,Pure,4.0,,,,,,,,,,,,,,,,,4,Germany,Hatchback,Electric
Dongfeng,,3.0,,,2.0,1.0,2.0,,,,,,,,,,,,8,China,,Electric
Dongfeng,dongfeng,6.0,,,,,,,,,,,,,,,,,6,China,Sedan,Electric
Dongfeng,,2.0,,,4.0,,,,,,,,,,,,,,6,China,,Electric
Dongfeng,,3.0,,,,,,,,,,,,,,,,,3,China,,Electric
Dongfeng,d60e,3.0,,,,,,,,,,,,,,,,,3,China,Sedan,Electric
Jaguar,i-pace,21.0,,,,,,,,,,,,,,,,,21,UK,SUV,Electric
Jaguar,F-PACE,5.0,,,,,,,,,,,,,,,,,5,UK,SUV,Electric
Li Auto,L6,13.0,,,,,,,,,,,,,,,,,13,China,SUV,Electric
Li Auto,L9,10.0,,,,,,,,,,,,,,,,,10,China,SUV,Electric
Li Auto,L7,2.0,,,,,,,,,,,,,,,,,2,China,SUV,Electric
Li Auto,L7,2.0,,,,,,,,,,,,,,,,,2,China,SUV,Electric
Mitsubishi,Lancer,8.0,,,,,,,,,,,,,,,,,8,Japan,Sedan,Petrol
Mitsubishi,Airtrek,5.0,,,,,,,,,,,,,,,,,5,Japan,SUV,Electric
Mitsubishi,GB,,,,2.0,,2.0,,,,,,,,,,,,4,Japan,Minivan,Electric
Mitsubishi,L200,,,,1.0,,,,,,,,,,,,,,1,Japan,Pickup,Diesel
Mitsubishi,RVR,,,,1.0,,,,,,,,,,,,,,1,Japan,SUV,Electric
Mitsubishi,xpander,1.0,,,,,,,,,,,,,,,,,1,Japan,Minivan,Petrol
Mitsubishi,L 300,,,,,,1.0,,,,,,,,,,,,1,Japan,Van,Electric
Mitsubishi,Canter,,,,1.0,,,,,,,,,,,,,,1,Japan,Truck,Diesel
Mitsubishi,Matrix,,,,,1.0,,,,,,,,,,,,,1,Japan,Minivan,Electric
Zhongtong,,,,,,,,,,,,15.0,,,,,,,15,China,,Electric
Zhongtong,LCK6906H,,,,,,,,,,,7.0,,,,,,,7,China,Bus,Electric
Hongqi,E-HS9,16.0,,,,1.0,,,3.0,,,,,,,,,,20,China,SUV,Electric
Hongqi,h9,,,,,,,,2.0,,,,,,,,,,2,China,Sedan,Electric
Isuzu,NBR,,,1.0,5.0,,,,,,,,,,1.0,,,,7,Japan,Bus,Electric
Isuzu,KB,,,,5.0,,,,,,,,,,,,,,5,Japan,Pickup,Electric
Isuzu,TD,,,,4.0,,,,,,,,,,,,,,4,Japan,Pickup,Electric
Isuzu,T F R,,,,2.0,,,,,,,,,,,,,,2,Japan,Pickup,Electric
Isuzu,T D,,,,1.0,,,,,,,,,,,,,,1,Japan,Pickup,Electric
Isuzu,GTB488,,,,1.0,,,,,,,,,,,,,,1,Japan,Truck,Electric
Isuzu,D-MAX,,,,1.0,,,,,,,,,,,,,,1,Japan,Pickup,Diesel
Changan,,16.0,,,,,,,,,,,,,,,,,16,China,,Electric
Changan,CS35,2.0,,,,,,,,,,,,,,,,,2,China,SUV,Petrol
Changan,,1.0,,,,,,,,,,,,,,,,,1,China,,Electric
Changan,SHENLAN S7,1.0,,,,,,,,,,,,,,,,,1,China,SUV,Electric
Changan,Penny,1.0,,,,,,,,,,,,,,,,,1,China,Sedan,Electric
MG,MG4,16.0,,,,,,,,,,,,,,,,,16,China,Hatchback,Electric
MG,cyberster,3.0,,,,,,,,,,,,,,,,,3,China,Convertible,Electric
Cadillac,lyriq,9.0,,,,,,,,,,,,,,,,,9,USA,SUV,Electric
Cadillac,Escalade IQ,5.0,,,,1.0,,,,,,,,,,,,,6,USA,SUV,Electric
Cadillac,Escalida,3.0,,,,,,,,,,,,,,,,,3,USA,SUV,Electric
Cadillac,Escalate,1.0,,,,,,,,,,,,,,,,,1,USA,SUV,Electric
King Long,5030XJH,,,,1.0,,5.0,4.0,,,,,1.0,,,,,,11,China,Bus,Electric
King Long,XMQ6500,,,,,,6.0,,,,,,,,,1.0,,,7,China,Bus,Electric
King Long,ki8,,,,,,1.0,,,,,,,,,,,,1,China,Bus,Electric
Lotus,ELECTRE S,8.0,,,,,,,,,,,,,,,,,8,UK,SUV,Electric
Lotus,ELECTRE R,7.0,,,,,,,,,,,,,,,,,7,UK,SUV,Electric
Lotus,ELECTRE,2.0,,,,,,,,,,,,,,,,,2,UK,SUV,Electric
Lotus,,1.0,,,,,,,,,,,,,,,,,1,UK,,Electric
Lotus,ELECTRE LHR,1.0,,,,,,,,,,,,,,,,,1,UK,SUV,Electric
Forthing,T5 evo,12.0,,,,,,,,,,,,,,,,,12,China,SUV,Electric
Forthing,S7,7.0,,,,,,,,,,,,,,,,,7,China,Sedan,Electric
Hummer,EV-GMC,14.0,,,1.0,1.0,,,2.0,,,,,,,,,,18,USA,Pickup,Electric
Hummer,H3,,,,,,,,1.0,,,,,,,,,,1,USA,SUV,Electric
GAC,aion-y,6.0,,,,,,,,,,,,,,,,,6,China,SUV,Electric
GAC,AION,5.0,,,,,,,,,,,,,,,,,5,China,Sedan,Electric
GAC,gs4,2.0,,,,,,,,,,,,,,,,,2,China,SUV,Electric
GAC,gs4,2.0,,,,,,,,,,,,,,,,,2,China,SUV,Petrol
GAC,AION Y PLUS,1.0,,,,,,,,,,,,,,,,,1,China,SUV,Electric
GAC,GS3,,,,1.0,,,,,,,,,,,,,,1,China,SUV,Electric
GAC,GONOW,1.0,,,,,,,,,,,,,,,,,1,China,Pickup,Electric
Karry,ku 22,10.0,,,,,,,,,,,,,,,,,10,China,Van,Electric
Karry,Q22,3.0,,,,,,,,,,,,,,,,,3,China,Van,Electric
Karry,Q22,1.0,,,,,,,,,,,,,,,,,1,China,Van,Electric
Rolls-Royce,SPECTER,13.0,,,,,,,1.0,,,,,,,,,,14,UK,Coupe,Electric
Lucid,AIR TOURING,,,,,,,,6.0,,6.0,,,,,,,,12,USA,Sedan,Electric
Lucid,AIR PURE,,,,,1.0,,,,,1.0,,,,,,,,2,USA,Sedan,Electric
Peugeot,404,5.0,,,,,,,,,,,,,,,,,5,France,Sedan,Electric
Peugeot,504,2.0,,,,,,1.0,,,,,,,,,,,3,France,Sedan,Electric
Peugeot,301,2.0,,,,,,,,,,,,,,,,,2,France,Sedan,Petrol
Peugeot,2008,2.0,,,,,,,,,,,,,,,,,2,France,SUV,Petrol
Peugeot,BOXE,1.0,,,,,,,,,,,,,,,,,1,France,Van,Electric
Peugeot,505,1.0,,,,,,,,,,,,,,,,,1,France,Sedan,Electric
Renault,25,4.0,,,,,,,,,,,,,,,,,4,France,Sedan,Electric
Renault,twizy,4.0,,,,,,,,,,,,,,,,,4,France,Hatchback,Electric
Renault,Logan,1.0,,,,,,,,,,,,,,,,,1,France,Sedan,Petrol
Renault,Cadjar,1.0,,,,,,,,,,,,,,,,,1,France,SUV,Electric
Renault,ARKANA,1.0,,,,,,,,,,,,,,,,,1,France,SUV,Electric
Renault,4,,,,1.0,,,,,,,,,,,,,,1,France,Hatchback,Electric
Renault,Optima,1.0,,,,,,,,,,,,,,,,,1,France,Sedan,Electric
BAIC,BJ40,4.0,,,,,,,,,,,,,,,,,4,China,SUV,Electric
BAIC,BAIC,3.0,,,,,,,1.0,,,,,,,,,,4,China,SUV,Electric
BAIC,E360,3.0,,,,,,,,,,,,,,,,,3,China,Minivan,Electric
BAIC,ARCFOX aS,,,,,,,,1.0,,,,,,,,,,1,China,Sedan,Electric
BAIC,Senova,1.0,,,,,,,,,,,,,,,,,1,China,Sedan,Electric
Yangguang,YANGGUANG,,,,12.0,,,,,,,,,,,,,,12,China,Sedan,Electric
Haojiang,,,12.0,,,,,,,,,,,,,,,,12,China,,Electric
Golden Dragon,Dragon,,,,,,4.0,1.0,,,,,2.0,,,,,,7,China,Bus,Electric
Golden Dragon,Dragon,,,,,,2.0,2.0,,,,,,,,,,,4,China,Bus,Electric
Halawa,sweetness,,8.0,,,,,,,,,,,,,,,,8,Egypt,Motorcycle,Electric
Halawa,Express,,2.0,,,,,,,,,,,,,,,,2,Egypt,Motorcycle,Electric
Halawa,BEST,,1.0,,,,,,,,,,,,,,,,1,Egypt,Motorcycle,Electric
Daewoo,Lanus,9.0,,,,,,,,,,,,,,,,,9,South Korea,Sedan,Electric
Daewoo,Nubira,1.0,,,,,,,,,,,,,,,,,1,South Korea,Sedan,Petrol
Li Auto,L9,5.0,,,,,,,,,,,,,,,,,5,China,SUV,Electric
Li Auto,L6,3.0,,,,,,,,,,,,,,,,,3,China,SUV,Electric
Li Auto,L7,2.0,,,,,,,,,,,,,,,,,2,China,SUV,Electric
Li Auto,L7,2.0,,,,,,,,,,,,,,,,,2,China,SUV,Electric
Arcfox,Kaola,9.0,,,,,,,,,,,,,,,,,9,China,Minivan,Electric
Arcfox,aS5,1.0,,,,,,,,,,,,,,,,,1,China,Sedan,Electric
Wuling,YEP,6.0,,,,,,,,,,,,,,,,,6,China,SUV,Electric
Wuling,bingo,1.0,,,,,,,,,,,,,,,,,1,China,Hatchback,Electric
Wuling,MINI EV,1.0,,,,,,,,,,,,,,,,,1,China,Hatchback,Electric
Wuling,XINGGUANG,1.0,,,,,,,,,,,,,,,,,1,China,Sedan,Electric
MINI,se. se,7.0,,,,,,,,,,,,,,,,,7,Germany,Hatchback,Electric
MINI,Countryman E,2.0,,,,,,,,,,,,,,,,,2,Germany,SUV,Electric
Bajaj,Pulser C180,,5.0,,,,,,,,,,,,,,,,5,India,Motorcycle,Electric
Bajaj,Boxer,,1.0,,,,,,,,,,,1.0,,,,,2,India,Motorcycle,Electric
Bajaj,Indian,,,,,,,,,,,,,1.0,,,,,1,India,Motorcycle,Electric
Bajaj,Bbbb,,,,,,,,,,,,,1.0,,,,,1,India,Motorcycle,Electric
Aito,M8,3.0,,,,,,,,,,,,,,,,,3,China,SUV,Electric
Aito,M9,2.0,,,,,,,,,,,,,,,,,2,China,SUV,Electric
Aito,M7,2.0,,,,,,,,,,,,,,,,,2,China,SUV,Electric
Aito,M5,1.0,,,,,,,,,,,,,,,,,1,China,SUV,Electric
Neta,E LCV,,,,8.0,,,,,,,,,,,,,,8,China,Van,Electric
Aeolus,dfm e70,8.0,,,,,,,,,,,,,,,,,8,China,Sedan,Electric
Hongqi,EHS9,8.0,,,,,,,,,,,,,,,,,8,China,SUV,Electric
Leapmotor,3S,,,,,1.0,,,3.0,,4.0,,,,,,,,8,China,Sedan,Electric
Jetour,x70,2.0,,,,,,,,,,,,,,,,,2,China,SUV,Electric
Jetour,T-2,2.0,,,,,,,,,,,,,,,,,2,China,SUV,Electric
Jetour,Dashing,1.0,,,,,,,,,,,,,,,,,1,China,SUV,Electric
Jetour,Dashing,1.0,,,,,,,,,,,,,,,,,1,China,SUV,Petrol
Jetour,X90 PLUS,1.0,,,,,,,,,,,,,,,,,1,China,SUV,Electric
Jetour,T1,1.0,,,,,,,,,,,,,,,,,1,China,SUV,Electric
Leapmotor,c11,5.0,,,,,,,,,,,,,,,,,5,China,SUV,Electric
Leapmotor,C10,1.0,,,,,,,,,,,,,,,,,1,China,SUV,Electric
Leapmotor,RVIN,1.0,,,,,,,,,,,,,,,,,1,China,Sedan,Electric
Energica,Energica,,3.0,,,,,,,,,,,,,,,,3,Italy,Motorcycle,Electric
Energica,eva,,2.0,,,,,,,,,,,,,,,,2,Italy,Motorcycle,Electric
Energica,EsseEsse9,,1.0,,,,,,,,,,,,,,,,1,Italy,Motorcycle,Electric
Energica,ego,,1.0,,,,,,,,,,,,,,,,1,Italy,Motorcycle,Electric
Energica,sons,5.0,,,,2.0,,,,,,,,,,,,,7,Italy,Motorcycle,Electric
Energica,,5.0,,,,,,,2.0,,,,,,,,,,7,Italy,,Electric
Hummer,ev,5.0,,,,,,,,,,,,,,,,,5,USA,Pickup,Electric
Hummer,HEV,2.0,,,,,,,,,,,,,,,,,2,USA,Pickup,Electric
Scooter,TAILG,,4.0,,,,,,,,,,,,,,,,4,Generic,Motorcycle,Electric
Scooter,LML,,3.0,,,,,,,,,,,,,,,,3,Generic,Motorcycle,Electric
Zhong-Tong,TONG,,,,,,,,,,,6.0,,,,,,,6,China,Bus,Electric
FAW,Faw,,,,,3.0,,,,,,,,,,,,,3,China,Sedan,Electric
FAW,T33,,,,,,,,2.0,,,,,,,,,,2,China,SUV,Electric
FAW,pesturn,,,,1.0,,,,,,,,,,,,,,1,China,Sedan,Electric
Škoda,Octavia,5.0,,,,,,,,,,,,,,,,,5,Czech Republic,Sedan,Electric
Škoda,Felicia,1.0,,,,,,,,,,,,,,,,,1,Czech Republic,Sedan,Electric
Silence,S02A,,5.0,,,,,,,,,,,,,,,,5,Spain,Motorcycle,Electric
JMEV,GSE,4.0,,,,,,,,,,,,,,,,,4,China,Sedan,Electric
JMEV,EVEASY EV3,1.0,,,,,,,,,,,,,,,,,1,China,Hatchback,Electric
Opel,Mokka,3.0,,,,,,,,,,,,,,,,,3,Germany,SUV,Petrol
Opel,insignia,1.0,,,,,,,,,,,,,,,,,1,Germany,Sedan,Diesel
Opel,Vectra,1.0,,,,,,,,,,,,,,,,,1,Germany,Sedan,Petrol
Luyuan,MHH-7232A,,2.0,,,,,,,,,,,,,,,,2,China,Motorcycle,Electric
Luyuan,M-MHH-732,,2.0,,,,,,,,,,,,,,,,2,China,Motorcycle,Electric
Luyuan,MYT-7220A,,1.0,,,,,,,,,,,,,,,,1,China,Motorcycle,Electric
Polestar,2,5.0,,,,,,,,,,,,,,,,,5,Sweden,Sedan,Electric
Lotus,EMEYA,3.0,,,,,,,,,,,,,,,,,3,UK,Sedan,Electric
Lotus,emeya s,2.0,,,,,,,,,,,,,,,,,2,UK,Sedan,Electric
Zotye,z 300,4.0,,,,,,,,,,,,,,,,,4,China,Sedan,Electric
Mangia Smile,sm21318,4.0,,,,,,,,,,,,,,,,,4,China,Hatchback,Electric
Changan,Changi,4.0,,,,,,,,,,,,,,,,,4,China,Van,Electric
Lucid,AIR,,,,,,,,2.0,,2.0,,,,,,,,4,USA,Sedan,Electric
CMG,CMG,,4.0,,,,,,,,,,,,,,,,4,China,Motorcycle,Electric
Dongfeng,FENG 7,2.0,,,,,,,,,,,,,,,,,2,China,SUV,Electric
Dongfeng,FENG M5 EV,,,,1.0,,,,,,,,,,,,,,1,China,Van,Electric
Dongfeng,FENG BOX,1.0,,,,,,,,,,,,,,,,,1,China,Hatchback,Electric
Tesla,S Plaid,1.0,,,2.0,1.0,,,,,,,,,,,,,4,USA,Sedan,Electric
Exeed,ET,2.0,,,,,,,,,,,,,,,,,2,China,SUV,Electric
Exeed,E.S,2.0,,,,,,,,,,,,,,,,,2,China,Sedan,Electric
Yale,,,4.0,,,,,,,,,,,,,,,,4,USA,,Electric
SouEast,,3.0,,,,,,,,,,,,,,,,,3,China,,Electric
XDAO,LITHIUMION,,3.0,,,,,,,,,,,,,,,,3,China,Motorcycle,Electric
Ssangyong,TORRES,2.0,,,,1.0,,,,,,,,,,,,,3,South Korea,SUV,Electric
GNB,He made me crazy,,,,,,1.0,,,,,,1.0,,,,,,2,Generic,Bus,Electric
GNB,Gnb,,,,,,,1.0,,,,,,,,,,,1,Generic,Bus,Electric
Victory,131,,,,1.0,,,,,,,,,,,,,,1,China,Sedan,Electric
Victory,Dugan,1.0,,,,,,,,,,,,,,,,,1,China,Van,Electric
Victory,R 1100,,,,1.0,,,,,,,,,,,,,,1,China,Pickup,Electric
Lynk & Co,900,3.0,,,,,,,,,,,,,,,,,3,China,SUV,Electric
Ion-Y,,3.0,,,,,,,,,,,,,,,,,3,China,,Electric
HELMARV,PANDA,3.0,,,,,,,,,,,,,,,,,3,Generic,Hatchback,Electric
Nio,ES6,2.0,,,,,,,,,,,,,,,,,2,China,SUV,Electric
Nio,ES8,1.0,,,,,,,,,,,,,,,,,1,China,SUV,Electric
Jeep,Grand Cherokee,2.0,,,,,,,,,,,,,,,,,2,USA,SUV,Petrol
Jeep,Cherokee,1.0,,,,,,,,,,,,,,,,,1,USA,SUV,Petrol
Afiko,420,,,,3.0,,,,,,,,,,,,,,3,China,Truck,Electric
JAC,J5,2.0,,,,,,,,,,,,,,,,,2,China,Sedan,Electric
JAC,Refine RF8,1.0,,,,,,,,,,,,,,,,,1,China,Minivan,Electric
Denza,D9,1.0,,,,1.0,,,,,,,,,,,,,2,China,Minivan,Electric
Denza,Z9,1.0,,,,,,,,,,,,,,,,,1,China,Sedan,Electric
Buick,VELITE 6,2.0,,,,,,,,,,,,,,,,,2,USA,Wagon,Electric
Buick,Park Avenue,1.0,,,,,,,,,,,,,,,,,1,USA,Sedan,Electric
Scania,P330,,,,2.0,,,,,,,,,,,,,,2,Sweden,Truck,Electric
Scania,81 L 8150,,,,1.0,,,,,,,,,,,,,,1,Sweden,Truck,Electric
MAN,19441,,,,2.0,,,,,,,,,,,,,,2,Germany,Truck,Electric
Li Auto,L9,2.0,,,,,,,,,,,,,,,,,2,China,SUV,Electric
Wuyang,,,,,2.0,,,,,,,,,,,,,,2,China,,Electric
Hawtai,A25,2.0,,,,,,,,,,,,,,,,,2,China,SUV,Electric
LUCK,LUCK,,,,,,,,2.0,,,,,,,,,,2,Generic,Sedan,Electric
Benelli,BENELLI,,2.0,,,,,,,,,,,,,,,,2,China,Motorcycle,Electric
MINI,ACEMAN,1.0,,,,,,,,,,,,,,,,,1,Germany,SUV,Electric
MINI,Cooper,1.0,,,,,,,,,,,,,,,,,1,Germany,Hatchback,Petrol
Rivian,R1S,2.0,,,,,,,,,,,,,,,,,2,USA,SUV,Electric
Speranza,A516,1.0,,,,,,,,,,,,,,,,,1,China,Sedan,Petrol
Speranza,Brushes,1.0,,,,,,,,,,,,,,,,,1,China,Sedan,Electric
Vespa,150,,2.0,,,,,,,,,,,,,,,,2,Italy,Motorcycle,Electric
CHTC,HYK6605GBEV,,,,,,2.0,,,,,,,,,,,,2,China,Bus,Electric
Yugo,Florida1,2.0,,,,,,,,,,,,,,,,,2,Serbia,Hatchback,Electric
Magirus,,,,,2.0,,,,,,,,,,,,,,2,Germany,,Electric
Magirus,,2.0,,,,,,,,,,,,,,,,,2,Germany,,Electric
LEASE,,,,,1.0,,,,,,,,,,,,,1.0,2,Generic,,Electric
Icar,3,2.0,,,,,,,,,,,,,,,,,2,China,SUV,Electric
Hanteng,x5ev hg,2.0,,,,,,,,,,,,,,,,,2,China,SUV,Electric
Super Soco,CPX,,2.0,,,,,,,,,,,,,,,,2,China,Motorcycle,Electric
ORA,,1.0,,,,,,,1.0,,,,,,,,,,2,China,,Electric
Lada,2105,1.0,,,,,,,,,,,,,,,,,1,Russia,Sedan,Electric
Lada,1500,1.0,,,,,,,,,,,,,,,,,1,Russia,Sedan,Electric
SYM,Scooter,,2.0,,,,,,,,,,,,,,,,2,Taiwan,Motorcycle,Electric
BAIC,BJ30e,2.0,,,,,,,,,,,,,,,,,2,China,SUV,Electric
SEAT,Ibiza,2.0,,,,,,,,,,,,,,,,,2,Spain,Hatchback,Petrol
Guoji,G45,,,,1.0,,,,,,,,,,,,,,1,China,Truck,Electric
Guoji,G49,,,,1.0,,,,,,,,,,,,,,1,China,Truck,Electric
Jemmell,Lingbox,2.0,,,,,,,,,,,,,,,,,2,Generic,Hatchback,Electric
TVS,,,2.0,,,,,,,,,,,,,,,,2,India,,Electric
Sinogold,JUNXING,1.0,,,,,,,,,,,,,,,,,1,China,Sedan,Electric
Dongfeng,Feng dongfeng,1.0,,,,,,,,,,,,,,,,,1,China,Sedan,Electric
Bedford,TFR 10,,,,1.0,,,,,,,,,,,,,,1,UK,Pickup,Electric
Jidu,jiyue,1.0,,,,,,,,,,,,,,,,,1,China,SUV,Electric
Skywell,ET5,1.0,,,,,,,,,,,,,,,,,1,China,SUV,Electric
Ikarus,,,,,,,,,,,,,,,,,1.0,,1,Hungary,,Electric
Zemex,,,,,,,,1.0,,,,,,,,,,,1,China,,Electric
Volkswagen,,1.0,,,,,,,,,,,,,,,,,1,Germany,,Electric
Glide,LOCCO,,1.0,,,,,,,,,,,,,,,,1,Generic,Motorcycle,Electric
Kastour,,,,,1.0,,,,,,,,,,,,,,1,Egypt,,Electric
Kastour,Grand,1.0,,,,,,,,,,,,,,,,,1,Egypt,Van,Electric
Victoria Sixties,175,,1.0,,,,,,,,,,,,,,,,1,China,Motorcycle,Electric
Huanghai,,,1.0,,,,,,,,,,,,,,,,1,China,,Electric
Ramesses,,,,,,,,1.0,,,,,,,,,,,1,Egypt,,Electric
Volkswagen,Soran,1.0,,,,,,,,,,,,,,,,,1,Germany,Wagon,Electric
GMC,250,,,,1.0,,,,,,,,,,,,,,1,USA,Pickup,Electric
LML,,,1.0,,,,,,,,,,,,,,,,1,Italy,,Electric
FAW,Hongqi,1.0,,,,,,,,,,,,,,,,,1,China,Sedan,Electric
Jenhoo,EV48,,,,1.0,,,,,,,,,,,,,,1,China,Van,Electric
Fisker,Ocean,1.0,,,,,,,,,,,,,,,,,1,USA,SUV,Electric
Schmitz,SCHMITZ,,,,1.0,,,,,,,,,,,,,,1,Germany,Truck,Electric
Hanoon,,1.0,,,,,,,,,,,,,,,,,1,Generic,,Electric
Skyworth K,WORTH K,1.0,,,,,,,,,,,,,,,,,1,China,SUV,Electric
Hycan,Z03,1.0,,,,,,,,,,,,,,,,,1,China,SUV,Electric
Raba,,,,,1.0,,,,,,,,,,,,,,1,Hungary,,Electric
Jianshe,,1.0,,,,,,,,,,,,,,,,,1,Japan,,Electric
Zastava,128,1.0,,,,,,,,,,,,,,,,,1,Serbia,Sedan,Electric
Higer,,,1.0,,,,,,,,,,,,,,,,1,China,,Electric
Proton,GEN2,1.0,,,,,,,,,,,,,,,,,1,Malaysia,Hatchback,Electric
Al-Damani,DMV300,1.0,,,,,,,,,,,,,,,,,1,UAE,Sedan,Electric
Rabdan,Your head,1.0,,,,,,,,,,,,,,,,,1,UAE,Sedan,Electric
GETN00G,,,1.0,,,,,,,,,,,,,,,,1,Generic,,Electric
Dacia,Destra,,,,,,,,1.0,,,,,,,,,,1,Romania,Sedan,Electric
BBM,,1.0,,,,,,,,,,,,,,,,,1,Generic,,Electric
ATV,,,1.0,,,,,,,,,,,,,,,,1,Generic,,Electric
ATV,,,,,1.0,,,,,,,,,,,,,,1,Generic,,Electric
Isuzu,,,,,,,,,,,,,,,,1.0,,,1,Japan,,Electric
Wing Pullman,,,1.0,,,,,,,,,,,,,,,,1,USA,,Electric
Hino,GHD,,,,1.0,,,,,,,,,,,,,,1,Japan,Bus,Electric
SHACMAN,SHLT 19,,,,1.0,,,,,,,,,,,,,,1,China,Truck,Electric
Citroën,C5,1.0,,,,,,,,,,,,,,,,,1,France,Sedan,Electric
Jinbei,x30,,,,1.0,,,,,,,,,,,,,,1,China,Van,Electric
Lecitrailer,,1.0,,,,,,,,,,,,,,,,,1,Spain,,Electric
Lifan,620,1.0,,,,,,,,,,,,,,,,,1,China,Sedan,Electric
Rock,,,1.0,,,,,,,,,,,,,,,,1,China,,Electric
Rising,R7,1.0,,,,,,,,,,,,,,,,,1,China,SUV,Electric
CFMoto,CF500US,,1.0,,,,,,,,,,,,,,,,1,China,Motorcycle,Electric
CFMoto,1500,,,,1.0,,,,,,,,,,,,,,1,China,Motorcycle,Electric
BAW,,1.0,,,,,,,,,,,,,,,,,1,China,,Electric
Daihatsu,,,,,1.0,,,,,,,,,,,,,,1,Japan,,Electric
JL,L3e-A1,,1.0,,,,,,,,,,,,,,,,1,Generic,Motorcycle,Electric
Enoveta,,1.0,,,,,,,,,,,,,,,,,1,China,,Electric
BGB,BT5500DT-2A,,1.0,,,,,,,,,,,,,,,,1,Generic,Motorcycle,Electric
Subaru,xv,1.0,,,,,,,,,,,,,,,,,1,Japan,SUV,Petrol
Daimler,,1.0,,,,,,,,,,,,,,,,,1,Germany,,Electric
Chereau,,,,,1.0,,,,,,,,,,,,,,1,France,,Electric
Mashroey,,,1.0,,,,,,,,,,,,,,,,1,Egypt,,Electric
Hawa,LML,,1.0,,,,,,,,,,,,,,,,1,Egypt,Motorcycle,Electric
Jiangsu,HUAZI,1.0,,,,,,,,,,,,,,,,,1,China,Hatchback,Electric
Brilliance,Brilliance,1.0,,,,,,,,,,,,,,,,,1,China,Sedan,Electric
BAW,BJ6480NG,1.0,,,,,,,,,,,,,,,,,1,China,Van,Electric
Jawa,350,,1.0,,,,,,,,,,,,,,,,1,Czech Republic,Motorcycle,Electric
Jawa,,1.0,,,,,,,,,,,,,,,,,1,Czech Republic,,Electric
Grand Total,,21325.0,884.0,761.0,639.0,439.0,152.0,143.0,123.0,62.0,31.0,30.0,23.0,11.0,5.0,2.0,2.0,1.0,24633,Generic,,Electric
